{
  "evaluation_date": "2026-04-05T17:51:03.614551",
  "best_model": "logistic_regression",
  "needs_fallback": false,
  "thresholds": {
    "accuracy": 0.75,
    "macro_f1": 0.65
  },
  "models": {
    "logistic_regression": {
      "accuracy": 0.74625,
      "macro_f1": 0.7051671415972487,
      "per_class": {
        "critical": {
          "precision": 0.7102803738317757,
          "recall": 0.6333333333333333,
          "f1": 0.6696035242290749,
          "support": 120
        },
        "high": {
          "precision": 0.7420814479638009,
          "recall": 0.82,
          "f1": 0.7790973871733967,
          "support": 200
        },
        "normal": {
          "precision": 0.7774869109947644,
          "recall": 0.825,
          "f1": 0.8005390835579514,
          "support": 360
        },
        "low": {
          "precision": 0.6666666666666666,
          "recall": 0.5,
          "f1": 0.5714285714285714,
          "support": 120
        }
      },
      "confusion_matrix": [
        [
          76,
          31,
          13,
          0
        ],
        [
          17,
          164,
          13,
          6
        ],
        [
          14,
          25,
          297,
          24
        ],
        [
          0,
          1,
          59,
          60
        ]
      ],
      "classification_report": {
        "critical": {
          "precision": 0.7102803738317757,
          "recall": 0.6333333333333333,
          "f1-score": 0.6696035242290749,
          "support": 120.0
        },
        "high": {
          "precision": 0.7420814479638009,
          "recall": 0.82,
          "f1-score": 0.7790973871733967,
          "support": 200.0
        },
        "normal": {
          "precision": 0.7774869109947644,
          "recall": 0.825,
          "f1-score": 0.8005390835579514,
          "support": 360.0
        },
        "low": {
          "precision": 0.6666666666666666,
          "recall": 0.5,
          "f1-score": 0.5714285714285714,
          "support": 120.0
        },
        "accuracy": 0.74625,
        "macro avg": {
          "precision": 0.7241288498642519,
          "recall": 0.6945833333333333,
          "f1-score": 0.7051671415972487,
          "support": 800.0
        },
        "weighted avg": {
          "precision": 0.7419315280133606,
          "recall": 0.74625,
          "f1-score": 0.7411717487430742,
          "support": 800.0
        }
      },
      "train_time_s": 18.77,
      "cv_accuracy_mean": 0.7434999999999999,
      "cv_accuracy_std": 0.013261787209874863,
      "cv_f1_macro_mean": 0.6966467282212486,
      "cv_f1_macro_std": 0.01599321150819335
    },
    "random_forest": {
      "accuracy": 1.0,
      "macro_f1": 1.0,
      "per_class": {
        "critical": {
          "precision": 1.0,
          "recall": 1.0,
          "f1": 1.0,
          "support": 120
        },
        "high": {
          "precision": 1.0,
          "recall": 1.0,
          "f1": 1.0,
          "support": 200
        },
        "normal": {
          "precision": 1.0,
          "recall": 1.0,
          "f1": 1.0,
          "support": 360
        },
        "low": {
          "precision": 1.0,
          "recall": 1.0,
          "f1": 1.0,
          "support": 120
        }
      },
      "confusion_matrix": [
        [
          120,
          0,
          0,
          0
        ],
        [
          0,
          200,
          0,
          0
        ],
        [
          0,
          0,
          360,
          0
        ],
        [
          0,
          0,
          0,
          120
        ]
      ],
      "classification_report": {
        "critical": {
          "precision": 1.0,
          "recall": 1.0,
          "f1-score": 1.0,
          "support": 120.0
        },
        "high": {
          "precision": 1.0,
          "recall": 1.0,
          "f1-score": 1.0,
          "support": 200.0
        },
        "normal": {
          "precision": 1.0,
          "recall": 1.0,
          "f1-score": 1.0,
          "support": 360.0
        },
        "low": {
          "precision": 1.0,
          "recall": 1.0,
          "f1-score": 1.0,
          "support": 120.0
        },
        "accuracy": 1.0,
        "macro avg": {
          "precision": 1.0,
          "recall": 1.0,
          "f1-score": 1.0,
          "support": 800.0
        },
        "weighted avg": {
          "precision": 1.0,
          "recall": 1.0,
          "f1-score": 1.0,
          "support": 800.0
        }
      },
      "train_time_s": 0.68,
      "cv_accuracy_mean": 1.0,
      "cv_accuracy_std": 0.0,
      "cv_f1_macro_mean": 1.0,
      "cv_f1_macro_std": 0.0
    },
    "xgboost": {
      "accuracy": 1.0,
      "macro_f1": 1.0,
      "per_class": {
        "critical": {
          "precision": 1.0,
          "recall": 1.0,
          "f1": 1.0,
          "support": 120
        },
        "high": {
          "precision": 1.0,
          "recall": 1.0,
          "f1": 1.0,
          "support": 200
        },
        "normal": {
          "precision": 1.0,
          "recall": 1.0,
          "f1": 1.0,
          "support": 360
        },
        "low": {
          "precision": 1.0,
          "recall": 1.0,
          "f1": 1.0,
          "support": 120
        }
      },
      "confusion_matrix": [
        [
          120,
          0,
          0,
          0
        ],
        [
          0,
          200,
          0,
          0
        ],
        [
          0,
          0,
          360,
          0
        ],
        [
          0,
          0,
          0,
          120
        ]
      ],
      "classification_report": {
        "critical": {
          "precision": 1.0,
          "recall": 1.0,
          "f1-score": 1.0,
          "support": 120.0
        },
        "high": {
          "precision": 1.0,
          "recall": 1.0,
          "f1-score": 1.0,
          "support": 200.0
        },
        "normal": {
          "precision": 1.0,
          "recall": 1.0,
          "f1-score": 1.0,
          "support": 360.0
        },
        "low": {
          "precision": 1.0,
          "recall": 1.0,
          "f1-score": 1.0,
          "support": 120.0
        },
        "accuracy": 1.0,
        "macro avg": {
          "precision": 1.0,
          "recall": 1.0,
          "f1-score": 1.0,
          "support": 800.0
        },
        "weighted avg": {
          "precision": 1.0,
          "recall": 1.0,
          "f1-score": 1.0,
          "support": 800.0
        }
      },
      "train_time_s": 39.51,
      "cv_accuracy_mean": 1.0,
      "cv_accuracy_std": 0.0,
      "cv_f1_macro_mean": 1.0,
      "cv_f1_macro_std": 0.0
    }
  }
}